{
    "partidos": [
        {
            "nome_partido": "Partido dos Esportes - PDE",
            "codigo_partido": "91",
            "candidatos": [
                {
                    "codigo": "91",
                    "cargo": "Presidente",
                    "nome": "Ayrton Senna"
                },
                {
                    "codigo": "91",
                    "cargo": "Governador",
                    "nome": "Marta Silva"
                },
                {
                    "codigo": "912",
                    "cargo": "Senador",
                    "nome": "Edson Arantes "
                },
                {
                    "codigo": "9101",
                    "cargo": "Deputado Federal",
                    "nome": "Daiane dos Santos"
                },
                {
                    "codigo": "91000",
                    "cargo": "Deputado Estadual",
                    "nome": "Oscar Schmidt"
                }
            ]
        },
        {
            "nome_partido": "Partido dos Atores e Atrizes - PAA",
            "codigo_partido": "81",
            "candidatos": [
                {
                    "codigo": "81",
                    "cargo": "Presidente",
                    "nome": "Fernanda Montenegro"
                },
                {
                    "codigo": "81",
                    "cargo": "Governador",
                    "nome": "Ary Fontoura"
                },
                {
                    "codigo": "812",
                    "cargo": "Senador",
                    "nome": "Juliana Paes"
                },
                {
                    "codigo": "8101",
                    "cargo": "Deputado Federal",
                    "nome": "Leandro Hassum"
                },
                {
                    "codigo": "81000",
                    "cargo": "Deputado Estadual",
                    "nome": "Isis Valverde"
                }
            ]
        },
        {
            "nome_partido": "Partido Musical - PMus",
            "codigo_partido": "71",
            "candidatos": [
                {
                    "codigo": "71",
                    "cargo": "Presidente",
                    "nome": "Renato Russo"
                },
                {
                    "codigo": "71",
                    "cargo": "Governador",
                    "nome": "Marisa Monte"
                },
                {
                    "codigo": "712",
                    "cargo": "Senador",
                    "nome": "Nando Reis"
                },
                {
                    "codigo": "7101",
                    "cargo": "Deputado Federal",
                    "nome": "Rita Lee"
                },
                {
                    "codigo": "71000",
                    "cargo": "Deputado Estadual",
                    "nome": "Almir Sater"
                }
            ]
        },
        {
            "nome_partido": "Partido dos Livros - PLit",
            "codigo_partido": "61",
            "candidatos": [
                {
                    "codigo": "61",
                    "cargo": "Presidente",
                    "nome": "Cora Coralina"
                },
                {
                    "codigo": "61",
                    "cargo": "Governador",
                    "nome": "Machado de Assis"
                },
                {
                    "codigo": "612",
                    "cargo": "Senador",
                    "nome": "Rachel de Queiroz"
                },
                {
                    "codigo": "6101",
                    "cargo": "Deputado Federal",
                    "nome": "Monteiro Lobato"
                },
                {
                    "codigo": "61000",
                    "cargo": "Deputado Estadual",
                    "nome": "Clarice Lispector"
                }
            ]
        },
        {
            "nome_partido": "Partido dos Cientistas - PCT",
            "codigo_partido": "51",
            "candidatos": [
                {
                    "codigo": "51",
                    "cargo": "Presidente",
                    "nome": "Drauzio Varella"
                },
                {
                    "codigo": "51",
                    "cargo": "Governador",
                    "nome": "Jaqueline Goes"
                },
                {
                    "codigo": "512",
                    "cargo": "Senador",
                    "nome": "Leandro Karnal"
                },
                {
                    "codigo": "5101",
                    "cargo": "Deputado Federal",
                    "nome": "Zilda Arns"
                },
                {
                    "codigo": "51000",
                    "cargo": "Deputado Estadual",
                    "nome": "Pasquale Neto"
                }
            ]
        }
    ]
}
