[
    {
        "titulo": "85472130905",
        "nome": "Abelardo Ibarra",
        "secao": 1
    },
    {
        "titulo": "05593942682",
        "nome": "Abraham Gomes",
        "secao": 1
    },
    {
        "titulo": "46123957864",
        "nome": "Adán Corral",
        "secao": 1
    },
    {
        "titulo": "80326415998",
        "nome": "Agatha Dias",
        "secao": 1
    },
    {
        "titulo": "71328605426",
        "nome": "Agatha Rubio",
        "secao": 1
    },
    {
        "titulo": "91958586496",
        "nome": "Alberto Souza",
        "secao": 1
    },
    {
        "titulo": "30157296830",
        "nome": "Aldonza Rosas",
        "secao": 1
    },
    {
        "titulo": "60758392400",
        "nome": "Alejandra Alves",
        "secao": 1
    },
    {
        "titulo": "65928147058",
        "nome": "Alexandre Lopes",
        "secao": 1
    },
    {
        "titulo": "94372386899",
        "nome": "Alfonso Tovar",
        "secao": 1
    },
    {
        "titulo": "71563655530",
        "nome": "Alicia Llamas",
        "secao": 1
    },
    {
        "titulo": "49136827509",
        "nome": "Alícia da Luz",
        "secao": 1
    },
    {
        "titulo": "16905284351",
        "nome": "Amanda Moraes",
        "secao": 1
    },
    {
        "titulo": "94375680229",
        "nome": "Ana Beatriz Mares",
        "secao": 1
    },
    {
        "titulo": "89654915951",
        "nome": "Ana Carolina Jesus",
        "secao": 1
    },
    {
        "titulo": "74518290658",
        "nome": "Ana Carolina Piña",
        "secao": 1
    },
    {
        "titulo": "36704589139",
        "nome": "Ana Clara Souza",
        "secao": 1
    },
    {
        "titulo": "08256173408",
        "nome": "Ana Julia Silva",
        "secao": 1
    },
    {
        "titulo": "44937256814",
        "nome": "Ana Laura Moraes",
        "secao": 1
    },
    {
        "titulo": "50869084892",
        "nome": "Ana Luisa Costa",
        "secao": 1
    },
    {
        "titulo": "73697391750",
        "nome": "Ana Luiza Barros",
        "secao": 1
    },
    {
        "titulo": "75415811019",
        "nome": "Ana Luiza Campos",
        "secao": 1
    },
    {
        "titulo": "90563712821",
        "nome": "Ana Lívia Meraz",
        "secao": 1
    },
    {
        "titulo": "96518027401",
        "nome": "Ana Lívia Pires",
        "secao": 1
    },
    {
        "titulo": "36691565794",
        "nome": "Ana Lívia Ramos",
        "secao": 1
    },
    {
        "titulo": "25748016362",
        "nome": "Ana Sophia Moraes",
        "secao": 1
    },
    {
        "titulo": "34279681031",
        "nome": "Ana Sophia da Luz",
        "secao": 1
    },
    {
        "titulo": "76092435829",
        "nome": "Ana Vitória Cunha",
        "secao": 1
    },
    {
        "titulo": "96374218078",
        "nome": "Ana Vitória Matías",
        "secao": 1
    },
    {
        "titulo": "14697352025",
        "nome": "Ana Vitória Mena",
        "secao": 1
    },
    {
        "titulo": "76451983039",
        "nome": "Andrea Melo",
        "secao": 1
    },
    {
        "titulo": "07498216396",
        "nome": "Anthony Ruelas",
        "secao": 1
    },
    {
        "titulo": "65438129746",
        "nome": "Antônio Silva",
        "secao": 1
    },
    {
        "titulo": "18679604720",
        "nome": "Araceli Lopes",
        "secao": 1
    },
    {
        "titulo": "25049867185",
        "nome": "Araceli Silva",
        "secao": 1
    },
    {
        "titulo": "10738256986",
        "nome": "Asunción Moraes",
        "secao": 1
    },
    {
        "titulo": "65347192828",
        "nome": "Augusto Tello",
        "secao": 1
    },
    {
        "titulo": "62108359451",
        "nome": "Barbara Vieira",
        "secao": 1
    },
    {
        "titulo": "18893655565",
        "nome": "Beatriz Ramos",
        "secao": 1
    },
    {
        "titulo": "29381675040",
        "nome": "Benjamin Fogaça",
        "secao": 1
    },
    {
        "titulo": "80905821569",
        "nome": "Benjamin Melo",
        "secao": 2
    },
    {
        "titulo": "07949570894",
        "nome": "Benjamin Pires",
        "secao": 2
    },
    {
        "titulo": "25913467043",
        "nome": "Benício Ramos",
        "secao": 2
    },
    {
        "titulo": "95372418664",
        "nome": "Benício Sales",
        "secao": 2
    },
    {
        "titulo": "51369742061",
        "nome": "Bianca Núñez",
        "secao": 2
    },
    {
        "titulo": "92636108596",
        "nome": "Bruna Zavala",
        "secao": 2
    },
    {
        "titulo": "30892671521",
        "nome": "Bruno Angulo",
        "secao": 2
    },
    {
        "titulo": "69857287044",
        "nome": "Bruno Dias",
        "secao": 2
    },
    {
        "titulo": "39786041593",
        "nome": "Bruno Farias",
        "secao": 2
    },
    {
        "titulo": "67821405949",
        "nome": "Bárbara Farias",
        "secao": 2
    },
    {
        "titulo": "72418965058",
        "nome": "Bárbara Lomeli",
        "secao": 2
    },
    {
        "titulo": "90311068259",
        "nome": "Bárbara Pires",
        "secao": 2
    },
    {
        "titulo": "18851201238",
        "nome": "Caio Castro",
        "secao": 2
    },
    {
        "titulo": "04744844996",
        "nome": "Camila Orozco",
        "secao": 2
    },
    {
        "titulo": "50792461050",
        "nome": "Camila Viana",
        "secao": 2
    },
    {
        "titulo": "51432780662",
        "nome": "Carlos Eduardo Araújo",
        "secao": 2
    },
    {
        "titulo": "76231084507",
        "nome": "Carlos Eduardo Tejeda",
        "secao": 2
    },
    {
        "titulo": "60748152326",
        "nome": "Carlos Eduardo Ávalos",
        "secao": 2
    },
    {
        "titulo": "17691227858",
        "nome": "Carolina Malave",
        "secao": 2
    },
    {
        "titulo": "02694185711",
        "nome": "Carolina Zavala",
        "secao": 2
    },
    {
        "titulo": "51432512344",
        "nome": "Cauã Adame",
        "secao": 2
    },
    {
        "titulo": "74190826340",
        "nome": "Cristian Dias",
        "secao": 2
    },
    {
        "titulo": "27396481031",
        "nome": "Daniela Baeza",
        "secao": 2
    },
    {
        "titulo": "18299788655",
        "nome": "Danilo Mojica",
        "secao": 2
    },
    {
        "titulo": "84925555447",
        "nome": "Davi Costa",
        "secao": 2
    },
    {
        "titulo": "82365741053",
        "nome": "Davi Lucas Terán",
        "secao": 2
    },
    {
        "titulo": "37151471507",
        "nome": "David da Luz",
        "secao": 2
    },
    {
        "titulo": "21095436716",
        "nome": "Diego Fogaça",
        "secao": 2
    },
    {
        "titulo": "58931470657",
        "nome": "Eduarda Araújo",
        "secao": 2
    },
    {
        "titulo": "03370199451",
        "nome": "Eduarda Meza",
        "secao": 2
    },
    {
        "titulo": "57195738422",
        "nome": "Eduardo Costa",
        "secao": 2
    },
    {
        "titulo": "74290743355",
        "nome": "Eduardo Roldán",
        "secao": 2
    },
    {
        "titulo": "02593423649",
        "nome": "Elisa Farias",
        "secao": 2
    },
    {
        "titulo": "10637984269",
        "nome": "Elisa Mojica",
        "secao": 2
    },
    {
        "titulo": "41167368608",
        "nome": "Elisa Zúñiga",
        "secao": 2
    },
    {
        "titulo": "78585853217",
        "nome": "Eloah Castro",
        "secao": 2
    },
    {
        "titulo": "31698257040",
        "nome": "Elvira Alves",
        "secao": 2
    },
    {
        "titulo": "05124763906",
        "nome": "Emilly Costa",
        "secao": 2
    },
    {
        "titulo": "81602753903",
        "nome": "Enzo Gabriel Puga",
        "secao": 2
    },
    {
        "titulo": "09512346761",
        "nome": "Enzo Viana",
        "secao": 2
    },
    {
        "titulo": "41068342835",
        "nome": "Esther Aragão",
        "secao": 3
    },
    {
        "titulo": "26385410790",
        "nome": "Esther Rocha",
        "secao": 3
    },
    {
        "titulo": "23019867487",
        "nome": "Eva Bueno",
        "secao": 3
    },
    {
        "titulo": "95107462316",
        "nome": "Evelyn Santos",
        "secao": 3
    },
    {
        "titulo": "34671598000",
        "nome": "Felipe Castro",
        "secao": 3
    },
    {
        "titulo": "78419235032",
        "nome": "Fernanda Porto",
        "secao": 3
    },
    {
        "titulo": "63286009590",
        "nome": "Fernando Campos",
        "secao": 3
    },
    {
        "titulo": "12957843005",
        "nome": "Fernando Dias",
        "secao": 3
    },
    {
        "titulo": "04571928360",
        "nome": "Fernando Farias",
        "secao": 3
    },
    {
        "titulo": "38035228105",
        "nome": "Francisca Santos",
        "secao": 3
    },
    {
        "titulo": "52086528073",
        "nome": "Francisco Pires",
        "secao": 3
    },
    {
        "titulo": "59812465249",
        "nome": "Gabino Aragão",
        "secao": 3
    },
    {
        "titulo": "86124357909",
        "nome": "Gabriela Gamboa",
        "secao": 3
    },
    {
        "titulo": "79024670980",
        "nome": "Gabriela Mendes",
        "secao": 3
    },
    {
        "titulo": "18546927391",
        "nome": "Gabriela Roque",
        "secao": 3
    },
    {
        "titulo": "74501683244",
        "nome": "Gabrielly Santos",
        "secao": 3
    },
    {
        "titulo": "50279183488",
        "nome": "Georgina Meza",
        "secao": 3
    },
    {
        "titulo": "96518430206",
        "nome": "Giovanna Gomes",
        "secao": 3
    },
    {
        "titulo": "94107238687",
        "nome": "Guilherme Araújo",
        "secao": 3
    },
    {
        "titulo": "17675124493",
        "nome": "Guilherme Crespo",
        "secao": 3
    },
    {
        "titulo": "53870286563",
        "nome": "Guilherme Girón",
        "secao": 3
    },
    {
        "titulo": "29410789043",
        "nome": "Gustavo Henrique Novaes",
        "secao": 3
    },
    {
        "titulo": "31552764172",
        "nome": "Gustavo Pinto",
        "secao": 3
    },
    {
        "titulo": "05429598013",
        "nome": "Heitor Rocha",
        "secao": 3
    },
    {
        "titulo": "39062415806",
        "nome": "Helena Novaes",
        "secao": 3
    },
    {
        "titulo": "41973062534",
        "nome": "Heloísa Costa",
        "secao": 3
    },
    {
        "titulo": "67239051480",
        "nome": "Hermelinda Campos",
        "secao": 3
    },
    {
        "titulo": "09618247511",
        "nome": "Hilda Rendón",
        "secao": 3
    },
    {
        "titulo": "20894671502",
        "nome": "Ian Jesus",
        "secao": 3
    },
    {
        "titulo": "91098478687",
        "nome": "Ian Lira",
        "secao": 3
    },
    {
        "titulo": "77211328420",
        "nome": "Igor Moraes",
        "secao": 3
    },
    {
        "titulo": "75321409897",
        "nome": "Isaac Zavala",
        "secao": 3
    },
    {
        "titulo": "31692548719",
        "nome": "Isabela Montez",
        "secao": 3
    },
    {
        "titulo": "59748106276",
        "nome": "Isabella Nunes",
        "secao": 3
    },
    {
        "titulo": "33729919911",
        "nome": "Israel Romero",
        "secao": 3
    },
    {
        "titulo": "73337619081",
        "nome": "Iván Barros",
        "secao": 3
    },
    {
        "titulo": "53987610484",
        "nome": "Joaquim Jesus",
        "secao": 3
    },
    {
        "titulo": "34295768065",
        "nome": "Joaquim Viana",
        "secao": 3
    },
    {
        "titulo": "54097213652",
        "nome": "Jonás Ramos",
        "secao": 3
    },
    {
        "titulo": "79250648383",
        "nome": "Jorge Novaes",
        "secao": 3
    },
    {
        "titulo": "43158720671",
        "nome": "José Luis Aragão",
        "secao": 4
    },
    {
        "titulo": "79214508658",
        "nome": "João Costa",
        "secao": 4
    },
    {
        "titulo": "86401532726",
        "nome": "João Felipe Moura",
        "secao": 4
    },
    {
        "titulo": "28715904350",
        "nome": "João Felipe Patiño",
        "secao": 4
    },
    {
        "titulo": "73981402588",
        "nome": "João Felipe Souza",
        "secao": 4
    },
    {
        "titulo": "26037419507",
        "nome": "João Lucas Pérez",
        "secao": 4
    },
    {
        "titulo": "89608044890",
        "nome": "João Miguel Araújo",
        "secao": 4
    },
    {
        "titulo": "97319750978",
        "nome": "João Miguel Ortega",
        "secao": 4
    },
    {
        "titulo": "41082910831",
        "nome": "João Vitor Avilés",
        "secao": 4
    },
    {
        "titulo": "52062115796",
        "nome": "Juan Carlos Barros",
        "secao": 4
    },
    {
        "titulo": "92013567499",
        "nome": "Juliana Costa",
        "secao": 4
    },
    {
        "titulo": "43057162835",
        "nome": "Juliana Otero",
        "secao": 4
    },
    {
        "titulo": "34210879541",
        "nome": "Kaique Solano",
        "secao": 4
    },
    {
        "titulo": "23589422676",
        "nome": "Kaique da Luz",
        "secao": 4
    },
    {
        "titulo": "60987423592",
        "nome": "Kamilly Lopes",
        "secao": 4
    },
    {
        "titulo": "45867029310",
        "nome": "Kamilly Novaes",
        "secao": 4
    },
    {
        "titulo": "85362490133",
        "nome": "Kamilly Tafoya",
        "secao": 4
    },
    {
        "titulo": "17636168985",
        "nome": "Laís Alemán",
        "secao": 4
    },
    {
        "titulo": "36858324795",
        "nome": "Laís Farias",
        "secao": 4
    },
    {
        "titulo": "60617135375",
        "nome": "Leandro Barros",
        "secao": 4
    },
    {
        "titulo": "67453012880",
        "nome": "Leonardo Alves",
        "secao": 4
    },
    {
        "titulo": "60513872426",
        "nome": "Leonardo Dias",
        "secao": 4
    },
    {
        "titulo": "63087412562",
        "nome": "Leonel Ureña",
        "secao": 4
    },
    {
        "titulo": "84961273031",
        "nome": "Leonor Casas",
        "secao": 4
    },
    {
        "titulo": "05984672111",
        "nome": "Leticia Baca",
        "secao": 4
    },
    {
        "titulo": "05423861780",
        "nome": "Leticia Rolón",
        "secao": 4
    },
    {
        "titulo": "72919978352",
        "nome": "Levi Gomes",
        "secao": 4
    },
    {
        "titulo": "12327924382",
        "nome": "Levi da Paz",
        "secao": 4
    },
    {
        "titulo": "32846709122",
        "nome": "Lorena Barros",
        "secao": 4
    },
    {
        "titulo": "86341025726",
        "nome": "Lorenzo Molina",
        "secao": 4
    },
    {
        "titulo": "14508568285",
        "nome": "Lucas Gabriel Muñiz",
        "secao": 4
    },
    {
        "titulo": "15867052506",
        "nome": "Lucca Ramón",
        "secao": 4
    },
    {
        "titulo": "98724613509",
        "nome": "Luigi Pinto",
        "secao": 4
    },
    {
        "titulo": "78903451600",
        "nome": "Luiz Fernando Araújo",
        "secao": 4
    },
    {
        "titulo": "95840627356",
        "nome": "Luiz Fernando Malave",
        "secao": 4
    },
    {
        "titulo": "62943051870",
        "nome": "Luiz Otávio Jesus",
        "secao": 4
    },
    {
        "titulo": "26974031831",
        "nome": "Luna Rosas",
        "secao": 4
    },
    {
        "titulo": "52159209379",
        "nome": "Lívia Bueno",
        "secao": 4
    },
    {
        "titulo": "62572030203",
        "nome": "Lívia Palomo",
        "secao": 4
    },
    {
        "titulo": "89453869128",
        "nome": "Maitê Costa",
        "secao": 4
    },
    {
        "titulo": "96271504361",
        "nome": "Manuel Ramos",
        "secao": 5
    },
    {
        "titulo": "81951468016",
        "nome": "Manuela Sales",
        "secao": 5
    },
    {
        "titulo": "39059482149",
        "nome": "Marcela Nunes",
        "secao": 5
    },
    {
        "titulo": "41756290849",
        "nome": "Marcos Vinicius Alves",
        "secao": 5
    },
    {
        "titulo": "32059748160",
        "nome": "Marcos Vinicius Lima",
        "secao": 5
    },
    {
        "titulo": "39412367870",
        "nome": "Marcos Vinicius Rocha",
        "secao": 5
    },
    {
        "titulo": "32941785060",
        "nome": "Margarita Viana",
        "secao": 5
    },
    {
        "titulo": "13926457007",
        "nome": "Maria Alice Costa",
        "secao": 5
    },
    {
        "titulo": "84235167928",
        "nome": "Maria Fernanda Santos",
        "secao": 5
    },
    {
        "titulo": "38106249778",
        "nome": "Maria Fernanda Silva",
        "secao": 5
    },
    {
        "titulo": "81394725655",
        "nome": "Maria Luiza Mendes",
        "secao": 5
    },
    {
        "titulo": "78298540010",
        "nome": "Maria Valdez",
        "secao": 5
    },
    {
        "titulo": "06973241840",
        "nome": "Maria Vitória Gracia",
        "secao": 5
    },
    {
        "titulo": "38942761003",
        "nome": "Maria Vitória Lima",
        "secao": 5
    },
    {
        "titulo": "49532535587",
        "nome": "Mariana Fogaça",
        "secao": 5
    },
    {
        "titulo": "56218164608",
        "nome": "Mariane Farias",
        "secao": 5
    },
    {
        "titulo": "53475501606",
        "nome": "Marina Ríos",
        "secao": 5
    },
    {
        "titulo": "16325739999",
        "nome": "Marisol Alves",
        "secao": 5
    },
    {
        "titulo": "40625871901",
        "nome": "Mauro Melo",
        "secao": 5
    },
    {
        "titulo": "65782049111",
        "nome": "Maximiliano Véliz",
        "secao": 5
    },
    {
        "titulo": "26642008044",
        "nome": "Mayte Juárez",
        "secao": 5
    },
    {
        "titulo": "75380942610",
        "nome": "Micaela Rocha",
        "secao": 5
    },
    {
        "titulo": "78278491671",
        "nome": "Miguel Aragão",
        "secao": 5
    },
    {
        "titulo": "50438912705",
        "nome": "Miguel Moura",
        "secao": 5
    },
    {
        "titulo": "07614952820",
        "nome": "Miguel Ángel Pinto",
        "secao": 5
    },
    {
        "titulo": "92651784001",
        "nome": "Miriam Sales",
        "secao": 5
    },
    {
        "titulo": "04718395819",
        "nome": "Mitzy Rocha",
        "secao": 5
    },
    {
        "titulo": "40153789620",
        "nome": "Murilo Nunes",
        "secao": 5
    },
    {
        "titulo": "29370456180",
        "nome": "Murilo Porto",
        "secao": 5
    },
    {
        "titulo": "26305773769",
        "nome": "Nathan Barros",
        "secao": 5
    },
    {
        "titulo": "05842317923",
        "nome": "Nathan Costa",
        "secao": 5
    },
    {
        "titulo": "13388317896",
        "nome": "Nathan Medina",
        "secao": 5
    },
    {
        "titulo": "87041695220",
        "nome": "Nathan Ruiz",
        "secao": 5
    },
    {
        "titulo": "85023749665",
        "nome": "Natália Pires",
        "secao": 5
    },
    {
        "titulo": "39741568010",
        "nome": "Nicolas Zepeda",
        "secao": 5
    },
    {
        "titulo": "37698451020",
        "nome": "Nicole Fierro",
        "secao": 5
    },
    {
        "titulo": "75109483639",
        "nome": "Noelia Viera",
        "secao": 5
    },
    {
        "titulo": "61875420967",
        "nome": "Olivia Moraes",
        "secao": 5
    },
    {
        "titulo": "26498053151",
        "nome": "Oswaldo Negrón",
        "secao": 5
    },
    {
        "titulo": "67498125030",
        "nome": "Pedro Padrón",
        "secao": 5
    },
    {
        "titulo": "70550673266",
        "nome": "Pietra Lozano",
        "secao": 6
    },
    {
        "titulo": "71390624803",
        "nome": "Pietro Barros",
        "secao": 6
    },
    {
        "titulo": "73984016204",
        "nome": "Pietro Costa",
        "secao": 6
    },
    {
        "titulo": "39087146566",
        "nome": "Rafael Rocha",
        "secao": 6
    },
    {
        "titulo": "97351631136",
        "nome": "Rafael Souza",
        "secao": 6
    },
    {
        "titulo": "40867935200",
        "nome": "Renan Cotto",
        "secao": 6
    },
    {
        "titulo": "97153860240",
        "nome": "Rodrigo Lima",
        "secao": 6
    },
    {
        "titulo": "91384270523",
        "nome": "Rosario Viana",
        "secao": 6
    },
    {
        "titulo": "35215324027",
        "nome": "Ruby Fogaça",
        "secao": 6
    },
    {
        "titulo": "71329568419",
        "nome": "Salvador Alves",
        "secao": 6
    },
    {
        "titulo": "52364981719",
        "nome": "Sarah Alves",
        "secao": 6
    },
    {
        "titulo": "93452781682",
        "nome": "Silvia Souza",
        "secao": 6
    },
    {
        "titulo": "50924371625",
        "nome": "Soledad Mendes",
        "secao": 6
    },
    {
        "titulo": "96289653626",
        "nome": "Sophia Zepeda",
        "secao": 6
    },
    {
        "titulo": "63526346422",
        "nome": "Stephany Nunes",
        "secao": 6
    },
    {
        "titulo": "22442953711",
        "nome": "Stephany Pires",
        "secao": 6
    },
    {
        "titulo": "70546329829",
        "nome": "Teodoro Vieira",
        "secao": 6
    },
    {
        "titulo": "12387640535",
        "nome": "Thales Ramos",
        "secao": 6
    },
    {
        "titulo": "75605247883",
        "nome": "Theo Rascón",
        "secao": 6
    },
    {
        "titulo": "47951306207",
        "nome": "Tomás Barros",
        "secao": 6
    },
    {
        "titulo": "61349057800",
        "nome": "Trinidad Moura",
        "secao": 6
    },
    {
        "titulo": "99577691605",
        "nome": "Vanesa Campos",
        "secao": 6
    },
    {
        "titulo": "48601539793",
        "nome": "Vinicius Barros",
        "secao": 6
    },
    {
        "titulo": "07154362871",
        "nome": "Vinicius Rosado",
        "secao": 6
    },
    {
        "titulo": "01879542676",
        "nome": "Vinicius da Paz",
        "secao": 6
    },
    {
        "titulo": "73684905283",
        "nome": "Vitor Gabriel Ramos",
        "secao": 6
    },
    {
        "titulo": "67832591021",
        "nome": "Vitor Hugo Cunha",
        "secao": 6
    },
    {
        "titulo": "39524768650",
        "nome": "Vitor Lopes",
        "secao": 6
    },
    {
        "titulo": "04672935892",
        "nome": "Vitor Magaña",
        "secao": 6
    },
    {
        "titulo": "28687672353",
        "nome": "Víctor Moraes",
        "secao": 6
    },
    {
        "titulo": "62347707507",
        "nome": "Wilfrido Lemus",
        "secao": 6
    },
    {
        "titulo": "86019354270",
        "nome": "Wilfrido Orta",
        "secao": 6
    },
    {
        "titulo": "63549107820",
        "nome": "Wilfrido Porto",
        "secao": 6
    },
    {
        "titulo": "89766141728",
        "nome": "Yago Ramos",
        "secao": 6
    },
    {
        "titulo": "35476281053",
        "nome": "Yasmin Lopes",
        "secao": 6
    },
    {
        "titulo": "53712498691",
        "nome": "Yuri Cunha",
        "secao": 6
    },
    {
        "titulo": "09483175666",
        "nome": "Yuri Porto",
        "secao": 6
    },
    {
        "titulo": "05316947800",
        "nome": "Ángela Alves",
        "secao": 6
    },
    {
        "titulo": "98363316955",
        "nome": "Óliver Sotelo",
        "secao": 6
    },
    {
        "titulo": "72053981695",
        "nome": "Úrsula Gaytán",
        "secao": 6
    }
]