{
    "secao": "0001",
    "urna": "0001",
    "candidatos": {
        "presidente": [
            {
                "votos_validos": "0",
                "votos_brancos": "0",
                "votos_nulos": "0"
            },
            {
                "nome": "Ayrton Senna",
                "codigo": "91",
                "votos": "0"
            },
            {
                "nome": "Fernanda Montenegro",
                "codigo": "81",
                "votos": "0"
            },
            {
                "nome": "Renato Russo",
                "codigo": "71",
                "votos": "0"
            },
            {
                "nome": "Cora Coralina",
                "codigo": "61",
                "votos": "0"
            },
            {
                "nome": "Drauzio Varella",
                "codigo": "51",
                "votos": "0"
            }
        ],
        "governador": [
            {
                "votos_validos": "0",
                "votos_brancos": "0",
                "votos_nulos": "0"
            },
            {
                "nome": "Marta Silva",
                "codigo": "91",
                "votos": "0"
            },
            {
                "nome": "Ary Fontoura",
                "codigo": "81",
                "votos": "0"
            },
            {
                "nome": "Marisa Monte",
                "codigo": "71",
                "votos": "0"
            },
            {
                "nome": "Machado de Assis",
                "codigo": "61",
                "votos": "0"
            },
            {
                "nome": "Jaqueline Goes",
                "codigo": "51",
                "votos": "0"
            }
        ],
        "senador": [
            {
                "votos_validos": "0",
                "votos_brancos": "0",
                "votos_nulos": "0"
            },
            {
                "nome": "Edson Arantes",
                "codigo": "912",
                "votos": "0"
            },
            {
                "nome": "Juliana Paes",
                "codigo": "812",
                "votos": "0"
            },
            {
                "nome": "Nando Reis",
                "codigo": "712",
                "votos": "0"
            },
            {
                "nome": "Rachel de Queiroz",
                "codigo": "612",
                "votos": "0"
            },
            {
                "nome": "Leando Karnal",
                "codigo": "512",
                "votos": "0"
            }
        ],
        "deputado_federal": [
            {
                "votos_validos": "0",
                "votos_brancos": "0",
                "votos_nulos": "0"
            },
            {
                "nome": "Daiane dos Santos",
                "codigo": "9101",
                "votos": "0"
            },
            {
                "nome": "Leandro Hassum",
                "codigo": "8101",
                "votos": "0"
            },
            {
                "nome": "Rita Lee",
                "codigo": "7101",
                "votos": "0"
            },
            {
                "nome": "Monteiro Lobato",
                "codigo": "6101",
                "votos": "0"
            },
            {
                "nome": "Zilda Arns",
                "codigo": "5101",
                "votos": "0"
            }
        ],
        "deputado_estadual": [
            {
                "votos_validos": "0",
                "votos_brancos": "0",
                "votos_nulos": "0"
            },
            {
                "nome": "Oscar Schmidt",
                "codigo": "91000",
                "votos": "0"
            },
            {
                "nome": "Isis Valverde",
                "codigo": "81000",
                "votos": "0"
            },
            {
                "nome": "Almir Sater",
                "codigo": "71000",
                "votos": "0"
            },
            {
                "nome": "Clarice Lispector",
                "codigo": "61000",
                "votos": "0"
            },
            {
                "nome": "Pasquale Neto",
                "codigo": "51000",
                "votos": "0"
            }
        ]
    },
    "data_hora": {
        "data_abertura": "10/11/2022",
        "hora_abertura": "16:01:16",
        "data_fechamento": "00/00/0000",
        "hora_fechamento": "00:00:00"
    },
    "info_eleitores": {
        "eleitores_aptos": "40",
        "comparecimentos": "0",
        "faltas": "0"
    }
}